{
  "timestamp": "2025-05-04T18:00:35.553434+00:00",
  "tps": {
    "solana": 4368.920833333334,
    "ethereum": 24.5,
    "bsc": 87.0,
    "avalanche": 3.6666666666666665
  }
}