{
  "timestamp": "2025-05-04T00:00:35.322364+00:00",
  "tps": {
    "solana": 4302.458333333333,
    "ethereum": 7.666666666666667,
    "bsc": 65.0,
    "avalanche": 19.0
  }
}