{
  "timestamp": "2025-05-04T12:00:34.193939+00:00",
  "tps": {
    "solana": 4250.341666666666,
    "ethereum": 17.083333333333332,
    "bsc": 163.0,
    "avalanche": 1.0
  }
}