{
  "timestamp": "2025-05-04T06:00:35.459059+00:00",
  "tps": {
    "solana": 4250.666666666667,
    "ethereum": 11.333333333333334,
    "bsc": 107.0,
    "avalanche": 2.3333333333333335
  }
}