{
  "timestamp": "2025-05-02T06:00:34.659970+00:00",
  "tps": {
    "solana": 4330.329166666666,
    "ethereum": 10.5,
    "bsc": 43.0,
    "avalanche": 4.0
  }
}