{
  "timestamp": "2025-05-02T12:00:35.533192+00:00",
  "tps": {
    "solana": 4567.2,
    "ethereum": 17.666666666666668,
    "bsc": 118.0,
    "avalanche": 2.0
  }
}