{
  "timestamp": "2025-05-02T00:00:35.662077+00:00",
  "tps": {
    "solana": 4493.495833333333,
    "ethereum": 20.666666666666668,
    "bsc": 65.0,
    "avalanche": 14.0
  }
}