{
  "timestamp": "2025-05-02T18:00:35.550479+00:00",
  "tps": {
    "solana": 4373.608333333334,
    "ethereum": 21.666666666666668,
    "bsc": 66.0,
    "avalanche": 2.0
  }
}