{
  "timestamp": "2025-05-01T00:00:34.978270+00:00",
  "tps": {
    "solana": 4348.820833333333,
    "ethereum": 15.0,
    "bsc": 97.0,
    "avalanche": 1.0
  }
}