{
  "timestamp": "2025-05-01T18:00:35.642908+00:00",
  "tps": {
    "solana": 4505.370833333333,
    "ethereum": 26.916666666666668,
    "bsc": 85.5,
    "avalanche": 5.0
  }
}