{
  "timestamp": "2025-05-01T06:00:33.725840+00:00",
  "tps": {
    "solana": 4354.404166666666,
    "ethereum": null,
    "bsc": 41.5,
    "avalanche": 4.0
  }
}