{
  "timestamp": "2025-05-01T12:00:34.582780+00:00",
  "tps": {
    "solana": 4353.733333333334,
    "ethereum": 30.166666666666668,
    "bsc": 98.0,
    "avalanche": 2.0
  }
}