{
  "timestamp": "2025-05-03T18:00:32.371099+00:00",
  "tps": {
    "solana": 4311.291666666667,
    "ethereum": 22.25,
    "bsc": 91.0,
    "avalanche": 2.0
  }
}