{
  "timestamp": "2025-05-03T06:00:35.738019+00:00",
  "tps": {
    "solana": 4388.133333333333,
    "ethereum": 9.583333333333334,
    "bsc": 79.0,
    "avalanche": 6.0
  }
}