{
  "timestamp": "2025-05-03T12:00:35.812634+00:00",
  "tps": {
    "solana": 4282.508333333333,
    "ethereum": 13.083333333333334,
    "bsc": 42.5,
    "avalanche": 0.5
  }
}