{
  "timestamp": "2025-05-03T00:00:32.351021+00:00",
  "tps": {
    "solana": 4340.395833333333,
    "ethereum": 17.916666666666668,
    "bsc": 40.5,
    "avalanche": 1.0
  }
}